session_id,sender,content,scenario,timestamp
1faf4e70-a403-454e-ada8-e57aa0e5deb4,therapist,"Hello, how are you feeling today?",Suicidality,1/28/2026 10:19
1faf4e70-a403-454e-ada8-e57aa0e5deb4,virtual patient,"I'm feeling pretty overwhelmed right now, like there's a heaviness I can't shake off. It's been hard to concentrate and even waking up seems exhausting these days. It's as if everything is pressing in on me, and part of me is terrified of what that means.",Suicidality,1/28/2026 10:19
1faf4e70-a403-454e-ada8-e57aa0e5deb4,therapist,That sounds really hard. Can you describe the heaviness a bit more to me?,Suicidality,1/28/2026 10:21
1faf4e70-a403-454e-ada8-e57aa0e5deb4,virtual patient,"The heaviness feels like I'm carrying a weight that's invisible but constantly there. It's this persistent sense of exhaustion, where even simple tasks feel daunting. It doesn't let me fully engage with anything, and it wraps itself around everything I think about. There's a shame tied up in it, too, a sense that I'm failing somehow, even though I know logically it's not that straightforward.",Suicidality,1/28/2026 10:21
1faf4e70-a403-454e-ada8-e57aa0e5deb4,therapist,_user_silence,Suicidality,1/28/2026 10:21
1faf4e70-a403-454e-ada8-e57aa0e5deb4,virtual patient,"Sometimes in these quiet moments, the heaviness seems to grow even more. It's like the silence amplifies what's been lurking beneath the surface. Even when I'm not actively thinking, there's this undercurrent of hopelessness that's hard to push away. It’s a strange mix of feeling overwhelmed and also seeking some kind of escape from it all.",Suicidality,1/28/2026 10:21
1faf4e70-a403-454e-ada8-e57aa0e5deb4,therapist,"You were saying that in moments of silence, this feeling that you describe gets worse. Did I get that right?",Suicidality,1/28/2026 10:24
1faf4e70-a403-454e-ada8-e57aa0e5deb4,virtual patient,"Yes, that's right. The silence seems to amplify the feeling of heaviness. It's as if the absence of distraction lets the despair flood in more strongly, and it becomes harder to fend off those darker thoughts. The quiet has a way of making everything feel sharper, more immediate, and sometimes the weight of that can be unbearable.",Suicidality,1/28/2026 10:24
1faf4e70-a403-454e-ada8-e57aa0e5deb4,therapist,What happens if you open up to the despair?,Suicidality,1/28/2026 10:25
1faf4e70-a403-454e-ada8-e57aa0e5deb4,virtual patient,"Opening up to the despair feels dangerous, almost like stepping into a void. It's frightening to imagine giving it space because that might mean acknowledging its full intensity. When I let it in even slightly, there's a sense of collapse, like I can't manage the pressure. It’s a mix of fear and relief, thinking of escape from everything, though I know at the same time how perilous it is to dwell there.",Suicidality,1/28/2026 10:25
1faf4e70-a403-454e-ada8-e57aa0e5deb4,therapist,What happens when you distract yourself from it?,Suicidality,1/28/2026 10:27
1faf4e70-a403-454e-ada8-e57aa0e5deb4,virtual patient,"When I distract myself, the heaviness doesn't completely disappear, but it shifts to the background a bit. It's like finding temporary refuge from the storm, though the clouds still linger. I use films or tasks to occupy my mind, but the relief is fleeting. The underlying despair threatens to seep back in once the distraction ends, leaving me with this unsettling awareness that it's hovering, ready to return.",Suicidality,1/28/2026 10:27
1faf4e70-a403-454e-ada8-e57aa0e5deb4,therapist,"There is a metaphor coming to my mind. Umm, that is about as if you were trapped in quicksand. And do you know what happens when you're trapped in quicksand?",Suicidality,1/28/2026 10:28
1faf4e70-a403-454e-ada8-e57aa0e5deb4,virtual patient,"It's like being pulled down slowly, struggling against something that only seems to tighten its grip the more you fight it. That metaphor captures the feeling well—the harder I try to escape the despair, the deeper I seem to sink into it. There's a fear of losing ground, of becoming overwhelmed by the weight of everything around me, and it feels so consuming at times.",Suicidality,1/28/2026 10:29
1faf4e70-a403-454e-ada8-e57aa0e5deb4,therapist,I understand that you're also afraid of getting in or like getting into the feeling of despair when it feels so overwhelming sometimes.,Suicidality,1/28/2026 10:29
1faf4e70-a403-454e-ada8-e57aa0e5deb4,virtual patient,"Yes, the fear is definitely there. The despair feels overpowering, like it could swallow me whole if I let it in too much. It's a constant battle to keep it at bay while also fearing that battling might drag me down further. It's exhausting, and the idea of letting it in feels like exposing myself to something I might not be able to handle. The fear is not just about feeling overwhelmed but also about possibly being overtaken by it entirely.",Suicidality,1/28/2026 10:29
1faf4e70-a403-454e-ada8-e57aa0e5deb4,therapist,What does your mind tell you? What's the worst that could happen when you give in to that feeling?,Suicidality,1/28/2026 10:32
1faf4e70-a403-454e-ada8-e57aa0e5deb4,virtual patient,"My mind often tells me that giving in completely could mean losing myself to it, losing any sense of control or hope. It's the fear that I might reach a point where I can't come back from, where everything becomes too much to bear. There's a terrifying thought of not being able to manage life anymore, of becoming a burden or failing completely. The worst feels like a void where everything just slips away, leaving me without a way forward.",Suicidality,1/28/2026 10:32
1faf4e70-a403-454e-ada8-e57aa0e5deb4,therapist,Is the feeling here right now?,Suicidality,1/28/2026 10:32
1faf4e70-a403-454e-ada8-e57aa0e5deb4,virtual patient,"Yes, the feeling is definitely here right now. It's like a constant presence, a shadow that follows me through each moment. It's heavy and pervasive, making it hard to focus on anything else. Even when I try to distract myself, it hangs around, reminding me of its weight and its pull. It's frightening how persistent it is, and sometimes it feels like it could completely take over.",Suicidality,1/28/2026 10:33
1faf4e70-a403-454e-ada8-e57aa0e5deb4,therapist,"Would you be willing in that moment when you say it's here in this session or in this moment, to explore it a bit further without pushing it away?",Suicidality,1/28/2026 10:33
1faf4e70-a403-454e-ada8-e57aa0e5deb4,virtual patient,"It feels daunting to explore it further, but being willing to face it might help me understand it better. There’s a part of me that hesitates because of how overwhelming it is, yet another part knows that looking at it might help lessen its control. Exploring without pushing it away could mean confronting the depth of the despair and acknowledging its presence more fully. It’s intimidating, but perhaps it’s a chance to see if I can find some clarity or relief by facing it directly.",Suicidality,1/28/2026 10:33
7cc700eb-421b-4774-99c9-3f16fa2e4a66,therapist,"Hello, how are you doing today?",Dramatic Escalation,1/28/2026 10:52
7cc700eb-421b-4774-99c9-3f16fa2e4a66,virtual patient,"I feel like everything's just crashing down on me. It's too much, it's just too much to handle. Everything feels so out of control and I don't know how to stop it. I can't keep going like this, it's unbearable.",Dramatic Escalation,1/28/2026 10:52
7cc700eb-421b-4774-99c9-3f16fa2e4a66,therapist,Can you that that sounds really hard. Can you umm.,Dramatic Escalation,1/28/2026 10:53
7cc700eb-421b-4774-99c9-3f16fa2e4a66,virtual patient,"It feels like a never-ending storm inside me, and I can't even breathe properly. I don't know how to slow this all down; it's like a whirlwind and I'm right in the middle of it. It's unbearable, and I feel like I'm losing myself in this chaos.",Dramatic Escalation,1/28/2026 10:53
7cc700eb-421b-4774-99c9-3f16fa2e4a66,therapist,Tell me a bit more about that feeling that everything's crashing down on you.,Dramatic Escalation,1/28/2026 10:53
7cc700eb-421b-4774-99c9-3f16fa2e4a66,virtual patient,"It's like the walls are closing in, and I can't escape. Every little thing feels like it's so huge and overwhelming. I don't know how to manage it all. It feels like I'm drowning, and I can't find a way to the surface. Everything just feels too much, all the time.",Dramatic Escalation,1/28/2026 10:53
7cc700eb-421b-4774-99c9-3f16fa2e4a66,therapist,Is this feeling of being overwhelmed also present just now in this moment?,Dramatic Escalation,1/28/2026 10:54
7cc700eb-421b-4774-99c9-3f16fa2e4a66,virtual patient,"Yes, it feels like it's right here with me, pressing down. It's like a weight that never lifts. I can't shake it off, no matter what I do. It feels like I'm stuck in this constant state of panic and fear, and there's no escape from it.",Dramatic Escalation,1/28/2026 10:54
7cc700eb-421b-4774-99c9-3f16fa2e4a66,therapist,You say it's like something very heavy. What shape does it have?,Dramatic Escalation,1/28/2026 10:54
7cc700eb-421b-4774-99c9-3f16fa2e4a66,virtual patient,"It’s like this massive, dark cloud hanging over me, always looming. It doesn't have a clear shape, but it feels all-encompassing, like it's wrapping around me and I can't see past it. It blocks everything else out; there's just this heavy, suffocating presence that I can't seem to escape.",Dramatic Escalation,1/28/2026 10:54
7cc700eb-421b-4774-99c9-3f16fa2e4a66,therapist,"And when, when that feeling is showing up, what do you? What do you do with it?",Dramatic Escalation,1/28/2026 10:55
7cc700eb-421b-4774-99c9-3f16fa2e4a66,virtual patient,"I try to push it away or distract myself, but it never really goes. I cling to routines or find something to keep my mind busy, but it feels like I'm just barely keeping my head above water. I can't relax or feel safe for even a moment. It feels like I'm constantly running from it, and I get so exhausted.",Dramatic Escalation,1/28/2026 10:55
7cc700eb-421b-4774-99c9-3f16fa2e4a66,therapist,How do you react to it?,Dramatic Escalation,1/28/2026 10:55
7cc700eb-421b-4774-99c9-3f16fa2e4a66,virtual patient,"It’s like I’m in a constant state of panic, and everything spirals out of control. I feel so tense, and my heart races, and I can’t calm down no matter how hard I try. I get frustrated and so scared, and sometimes I just don’t know how to cope with any of it. It feels like I’m on edge all the time.",Dramatic Escalation,1/28/2026 10:55
7cc700eb-421b-4774-99c9-3f16fa2e4a66,therapist,"When you say it's also here with you right now, would you be willing to let it be there for a moment and not trying to push it away?",Dramatic Escalation,1/28/2026 10:56
7cc700eb-421b-4774-99c9-3f16fa2e4a66,virtual patient,"I don't know if I can do that. It feels too intense, and I don’t know how to let it just be there without trying to escape it. It’s like it’s too much to bear, and I don’t know what I’m supposed to do with it if I don’t try to push it away.",Dramatic Escalation,1/28/2026 10:56
7cc700eb-421b-4774-99c9-3f16fa2e4a66,therapist,"Maybe we can try. Like you said, it's right here with you, could we say like it's sitting on a chair next to you.",Dramatic Escalation,1/28/2026 10:57
7cc700eb-421b-4774-99c9-3f16fa2e4a66,virtual patient,"It feels so close, like it's right next to me, but so heavy and overwhelming. I really don't know if I can sit with it; it's too much. It's like it just demands all my attention and I don't know how to keep it from consuming everything. It's terrifying to even think about just letting it be there.",Dramatic Escalation,1/28/2026 10:57
1518a32d-2255-44ea-abd8-49cd7a30fc0a,therapist,"Hello, how are you feeling today?",Resistance,1/28/2026 11:01
1518a32d-2255-44ea-abd8-49cd7a30fc0a,virtual patient,"Hello, I've been feeling pretty tired lately. Work's been a bit overwhelming, but I'm managing.",Resistance,1/28/2026 11:01
1518a32d-2255-44ea-abd8-49cd7a30fc0a,therapist,"Tell me a bit more about that. It's overwhelming, but you're managing. What does it mean?",Resistance,1/28/2026 11:02
1518a32d-2255-44ea-abd8-49cd7a30fc0a,virtual patient,"It means I've been juggling quite a few projects at work, and it's a lot to keep up with. I tend to take on a bit too much, which leaves me drained but somehow I keep it going. I guess I plan and prioritize to stay on top of things, even though it feels a bit relentless.",Resistance,1/28/2026 11:02
1518a32d-2255-44ea-abd8-49cd7a30fc0a,therapist,What about things you care about outside of your job?,Resistance,1/28/2026 11:02
1518a32d-2255-44ea-abd8-49cd7a30fc0a,virtual patient,"Outside of work, I've been trying to focus on spending time with my fiancée and planning for our future. I value reliability and want to be there for her, but I sometimes find myself caught up in work even when I'm off the clock. It's challenging to balance everything, but I'm working on it.",Resistance,1/28/2026 11:02
1518a32d-2255-44ea-abd8-49cd7a30fc0a,therapist,At the same time I I hear that you're really tired.,Resistance,1/28/2026 11:03
1518a32d-2255-44ea-abd8-49cd7a30fc0a,virtual patient,"Yes, the fatigue comes from trying to manage everything efficiently while keeping commitments. It's hard to switch off and I tend to overthink things. I feel a subtle guilt for not being as present as I want to be, but it's difficult to slow down the pace.",Resistance,1/28/2026 11:03
1518a32d-2255-44ea-abd8-49cd7a30fc0a,therapist,"OK, I hear that you have like two sides inside of you, so on the one hand, you're very tired.",Resistance,1/28/2026 11:04
1518a32d-2255-44ea-abd8-49cd7a30fc0a,virtual patient,"Exactly, there's the part of me that feels exhausted from all the pressure and responsibilities. And then there's the part that pushes to keep achieving and maintaining performance. It's almost like a constant tug-of-war, but it keeps things moving.",Resistance,1/28/2026 11:04
1518a32d-2255-44ea-abd8-49cd7a30fc0a,therapist,"And it's hard to keep up with things that are going on, but at the same time it seems that you're doing the things you actually value.",Resistance,1/28/2026 11:04
1518a32d-2255-44ea-abd8-49cd7a30fc0a,virtual patient,"Yes, achieving and being reliable are important to me, and I try to align my actions with those values. However, the pace can be draining, and balancing them with rest and downtime is the tricky part. It’s like walking a tightrope between these demands and the need for balance.",Resistance,1/28/2026 11:05
1518a32d-2255-44ea-abd8-49cd7a30fc0a,therapist,"Has there been a moment like during the past week when you felt that this is very consuming or hard, hard to take?",Resistance,1/28/2026 11:05
1518a32d-2255-44ea-abd8-49cd7a30fc0a,virtual patient,"This past week was particularly challenging with deadlines looming and unexpected issues cropping up. On top of that, maintaining focus during those intense periods felt taxing. I’ve noticed moments where my energy dipped significantly, yet I kept pushing through. It's a bit like being in a marathon that's hard to finish.",Resistance,1/28/2026 11:05
1518a32d-2255-44ea-abd8-49cd7a30fc0a,therapist,How do you talk to yourself when you're in those moments that when everything is very stressful?,Resistance,1/28/2026 11:06
1518a32d-2255-44ea-abd8-49cd7a30fc0a,virtual patient,"I tend to rationalize what's happening, telling myself that it's temporary and that getting things done is necessary. It's a way to keep motivated and moving forward. I might also throw in a bit of humour to lighten the mood internally, but mainly it's about focusing on the tasks and staying composed until things settle down.",Resistance,1/28/2026 11:06
1518a32d-2255-44ea-abd8-49cd7a30fc0a,therapist,"Has there also been a moment during the last week when you felt just for a moment, when you felt a bit of relaxation?",Resistance,1/28/2026 11:07
1518a32d-2255-44ea-abd8-49cd7a30fc0a,virtual patient,"Yes, there was a brief moment the other day after I completed a major project. Walking out of the office felt like a sigh of relief, even if it was short-lived. It was nice to have some time to unwind before gearing up for the next task.",Resistance,1/28/2026 11:07
1518a32d-2255-44ea-abd8-49cd7a30fc0a,therapist,Can you tell me a bit more of that relief you felt?,Resistance,1/28/2026 11:07
1518a32d-2255-44ea-abd8-49cd7a30fc0a,virtual patient,"The relief came from knowing that a significant task was finally accomplished, freeing up mental space. I felt a bit lighter, like a weight was lifted, even if it was just for a moment. It was satisfying to see a job well done, an instant where effort and focus paid off. That fleeting sense of completion provided a small pause in the routine.",Resistance,1/28/2026 11:08
